1,3,844,rlowndesbrough0,50,28,372,2018-06-04 09:00:55
2,4,72,rvineall1,26,14,245,2019-02-26 02:12:15
3,1,62,fluety2,41,4,861,2018-08-06 05:27:01
4,1,273,jtidman3,49,80,488,2019-04-10 23:01:57
5,4,168,jgrebner4,56,88,979,2018-12-29 04:38:34
6,1,936,dhaythorn5,95,88,496,2019-05-07 21:32:20
7,2,827,jripping6,79,85,632,2018-10-20 01:13:50
8,3,353,erumbold7,5,40,265,2019-01-19 23:17:19
9,4,573,oassender8,1,20,195,2019-03-26 12:51:25
10,1,993,lphelips9,22,96,412,2019-02-09 23:22:41
11,4,346,fbantocka,21,33,405,2018-06-10 18:37:52
12,4,678,sfearnb,72,48,889,2018-07-20 18:46:35
13,2,79,tmussoc,88,43,738,2019-01-24 13:30:56
14,2,145,avintd,80,97,327,2019-05-13 05:41:38
15,2,680,ccubitte,85,60,889,2019-01-17 20:57:04
16,1,839,bepgravef,98,22,212,2019-05-18 23:58:26
17,2,829,ibirwhistleg,97,23,210,2018-10-24 06:23:30
18,3,626,ddraysayh,99,45,634,2018-07-01 07:10:28
19,1,804,kmoodycliffei,45,18,30,2019-01-18 04:48:47
20,4,99,ktwidalej,32,43,564,2019-03-09 08:49:36
21,1,97,htrinkek,59,56,368,2018-08-19 19:33:21
22,1,211,eswadonl,80,69,575,2018-09-26 16:58:11
23,1,955,civanishchevm,3,74,232,2018-12-08 06:59:39
24,2,17,tbayfordn,2,97,876,2018-11-15 09:43:32
25,2,284,oprawleo,13,78,228,2018-09-29 20:21:39
26,2,122,mleborgnep,55,46,838,2018-10-29 19:01:17
27,3,173,jmccaheyq,25,88,247,2019-04-28 11:06:42
28,1,466,mlowlesr,17,99,798,2019-05-22 01:58:47
29,2,672,adibdins,90,19,696,2018-12-14 12:11:09
30,1,466,cmccolet,81,26,29,2018-11-05 15:37:10
31,2,665,mhalliganu,100,53,579,2018-08-27 09:45:47
32,3,253,bwenmanv,30,90,166,2019-01-12 11:15:52
33,3,594,lcastelluzziw,59,46,292,2019-01-22 01:48:55
34,1,134,vbarentsx,81,95,91,2018-07-05 09:07:34
35,1,372,jwintersony,11,46,111,2019-03-04 06:35:53
36,3,755,jstroyanz,63,88,794,2019-02-23 21:24:35
37,2,541,agouda10,10,85,187,2019-01-20 09:28:37
38,4,167,hkeppy11,54,71,85,2018-07-27 07:32:06
39,1,196,hsaffin12,84,32,533,2018-07-11 15:37:24
40,4,214,ebeaston13,78,40,932,2018-06-14 04:32:21
41,1,868,aprati14,40,52,348,2018-09-07 14:42:09
42,3,151,dlude15,97,39,18,2018-07-30 18:19:01
43,1,199,radlam16,34,41,400,2018-06-11 09:54:36
44,2,209,jpetrescu17,40,28,55,2019-05-02 04:16:40
45,3,686,rlast18,8,67,148,2018-12-06 03:15:13
46,4,499,noverington19,12,71,449,2019-02-15 00:02:22
47,1,858,jyakobowitch1a,42,36,859,2018-08-30 18:14:27
48,1,965,lpaget1b,79,64,232,2019-04-04 01:39:33
49,4,545,bbrownbridge1c,68,6,876,2018-08-15 17:51:32
50,2,891,aoake1d,69,12,790,2018-07-25 11:22:42
51,3,349,rcondict1e,24,37,898,2018-12-08 08:27:03
52,3,305,mwhorall1f,72,24,619,2018-11-22 09:44:46
53,1,604,dmaffin1g,20,2,758,2019-01-24 03:51:31
54,2,209,delsbury1h,77,31,652,2018-12-16 20:11:42
55,3,477,epaprotny1i,3,88,782,2018-11-11 04:33:07
56,1,500,erountree1j,18,22,827,2019-01-17 01:34:48
57,3,814,bkennion1k,88,34,717,2018-09-24 18:44:08
58,4,580,dholttom1l,15,4,953,2019-04-22 02:22:03
59,4,395,tdavson1m,56,77,636,2018-10-18 22:15:19
60,1,830,phardcastle1n,15,77,153,2018-12-20 18:00:20
61,1,887,msimes1o,94,72,71,2019-05-30 13:24:35
62,2,940,rgauler1p,98,25,587,2018-06-05 07:11:20
63,3,218,fbruun1q,28,94,2,2018-06-11 18:24:44
64,1,384,gcasseldine1r,57,17,768,2018-11-18 12:57:03
65,3,642,mpear1s,87,47,409,2018-10-08 12:55:00
66,2,320,sbritcher1t,79,74,396,2018-07-10 00:07:04
67,3,887,ctonbridge1u,9,16,921,2018-08-09 06:52:22
68,1,946,kcrow1v,84,60,201,2018-06-11 02:03:52
69,4,669,nibeson1w,4,89,629,2018-09-14 18:28:55
70,1,772,bmendez1x,9,97,396,2018-12-16 11:50:14
71,2,410,cmarquet1y,35,95,863,2018-07-17 13:18:12
72,3,217,grassell1z,54,37,308,2018-09-20 10:20:32
73,3,458,bnewdick20,35,4,847,2018-08-08 11:35:34
74,4,722,lpoulson21,9,72,898,2018-12-11 08:31:05
75,4,809,bclinton22,95,80,492,2018-12-19 22:10:39
76,2,703,bstooders23,31,38,496,2018-08-06 03:21:28
77,2,96,fcrippell24,97,89,81,2019-03-31 23:00:10
78,2,132,pdorie25,42,42,490,2019-01-22 18:13:05
79,4,975,pgrimsdyke26,9,64,430,2019-04-03 05:19:26
80,1,337,ahurdedge27,19,12,367,2018-11-13 16:58:08
81,3,822,rclemmensen28,9,77,827,2018-11-08 12:35:43
82,3,902,kwolpert29,25,71,464,2018-12-29 17:32:22
83,2,561,rmarris2a,59,47,245,2019-04-12 12:16:52
84,4,30,jjeske2b,1,7,693,2018-07-17 04:18:03
85,1,683,kdowdell2c,4,66,846,2019-05-20 16:02:55
86,2,157,ethornally2d,67,41,680,2019-01-24 00:14:38
87,3,260,rbrim2e,60,69,664,2019-03-14 19:45:35
88,2,724,ucushworth2f,26,9,617,2019-03-23 22:50:43
89,2,971,bchrispin2g,26,67,447,2019-01-09 01:23:35
90,4,581,grustidge2h,45,51,839,2019-01-24 01:13:54
91,1,772,eandrews2i,17,57,777,2018-09-10 17:14:59
92,3,116,jgeraldez2j,65,74,125,2018-10-28 20:14:09
93,3,612,tkenwell2k,20,93,574,2018-08-02 20:42:14
94,4,633,rhendrickson2l,41,33,334,2019-05-03 05:31:26
95,3,55,slhommee2m,27,69,620,2018-12-16 19:08:08
96,2,940,afleis2n,51,41,168,2018-09-28 09:37:58
97,4,808,mstandidge2o,24,63,409,2019-04-19 04:24:44
98,1,118,emeachan2p,4,51,727,2019-01-04 17:04:02
99,4,327,keberz2q,73,75,89,2019-01-21 16:18:16
100,1,135,thallet2r,58,23,74,2019-04-02 16:51:20
101,1,834,pottewell2s,5,21,101,2019-05-13 03:27:05
102,2,128,cbinnes2t,39,66,511,2018-08-25 10:57:07
103,2,848,tpuig2u,12,7,541,2019-01-20 07:30:17
104,4,211,sbareham2v,16,9,496,2018-08-23 13:06:36
105,1,200,gmulholland2w,95,19,788,2019-04-25 17:23:29
106,1,999,escay2x,40,1,421,2018-07-04 08:33:45
107,3,474,zstudholme2y,57,63,750,2019-05-09 04:23:40
108,4,13,cboerder2z,85,78,753,2018-11-09 09:34:16
109,4,513,tjennings30,75,39,833,2018-11-27 22:06:26
110,2,72,lbloxsum31,88,66,961,2019-03-29 22:12:25
111,3,96,kwinters32,8,42,729,2018-07-20 06:54:31
112,4,616,akimmons33,32,46,770,2018-12-24 02:33:16
113,2,853,bwilles34,48,8,675,2019-04-15 09:44:08
114,1,145,esantacrole35,41,79,535,2018-11-03 11:49:12
115,2,510,dgateman36,68,35,753,2019-05-02 23:33:02
116,1,2,mmcartan37,98,19,309,2018-10-29 10:38:59
117,1,418,chopkynson38,46,11,111,2018-06-21 12:51:16
118,2,263,nendean39,60,72,660,2019-05-19 17:50:04
119,2,200,skinneally3a,94,53,912,2018-09-25 20:58:09
120,1,437,ekillingbeck3b,29,29,468,2018-07-13 17:11:39
121,2,278,kbeuscher3c,78,3,941,2018-12-01 15:50:52
122,4,780,cdorie3d,95,25,6,2019-03-13 18:33:14
123,3,622,cmonument3e,15,74,692,2019-01-01 22:16:35
124,4,940,dmccritichie3f,32,34,901,2019-01-21 05:37:41
125,2,560,cwilacot3g,55,13,582,2018-08-16 08:45:37
126,2,339,jhailes3h,94,14,530,2019-03-31 22:57:49
127,2,206,fphillis3i,93,2,601,2019-05-28 18:21:51
128,4,443,bpomfrey3j,99,37,76,2018-10-05 20:58:52
129,4,819,eceney3k,31,38,538,2018-06-19 15:24:23
130,1,982,hgrumley3l,88,43,150,2019-05-16 00:45:36
131,2,776,kgeraldo3m,71,46,437,2019-04-04 16:16:19
132,1,820,tyitzhakov3n,93,42,398,2018-06-19 13:02:18
133,3,867,qormerod3o,72,92,801,2018-12-04 20:56:07
134,1,709,ftallquist3p,6,43,746,2018-10-16 10:35:30
135,3,263,wleney3q,85,19,474,2019-05-21 07:14:57
136,2,325,ccallan3r,37,95,992,2018-11-22 14:05:32
137,3,326,rennals3s,8,32,251,2018-10-22 23:08:41
138,1,969,bshoute3t,98,12,21,2018-08-05 02:43:28
139,4,529,oskyram3u,43,85,23,2018-08-11 22:40:42
140,4,205,bbrigdale3v,54,47,812,2019-05-23 02:56:10
141,1,895,igoodlake3w,62,63,149,2018-08-14 01:51:02
142,3,98,lfarr3x,68,89,513,2018-07-25 00:31:02
143,1,651,zlelievre3y,61,32,809,2019-04-30 13:59:08
144,3,458,hfordy3z,8,2,513,2019-05-18 08:45:49
145,3,760,epedder40,11,3,734,2019-01-24 09:57:42
146,4,510,fstapleford41,75,2,217,2018-07-14 06:42:54
147,4,495,bkernocke42,91,40,825,2019-05-23 11:28:06
148,2,777,wbroggelli43,74,2,696,2018-11-06 13:51:21
149,4,556,apaff44,49,57,820,2019-02-25 16:08:20
150,2,248,gmattson45,15,68,154,2018-06-20 11:21:57
151,1,477,egreenly46,20,21,127,2019-01-22 04:47:27
152,1,435,shaughan47,13,5,349,2019-03-10 13:00:25
153,4,902,lslinger48,74,78,251,2018-10-06 15:18:31
154,4,524,iketchaside49,59,20,948,2018-09-01 10:49:24
155,4,508,jlerhinan4a,54,70,809,2019-05-02 19:17:01
156,3,673,smatteucci4b,55,18,179,2018-09-03 11:58:58
157,4,20,sedmonds4c,29,66,593,2019-05-21 00:57:55
158,3,797,opic4d,56,67,310,2019-04-17 08:42:21
159,2,653,amellows4e,72,64,569,2018-07-14 17:26:28
160,4,815,panlay4f,36,3,878,2019-02-11 08:08:12
161,3,310,gbradly4g,62,92,713,2018-10-18 00:22:42
162,2,576,svanderweedenburg4h,5,100,311,2018-08-07 15:32:51
163,2,677,ldelnevo4i,8,86,273,2018-07-07 18:59:25
164,3,344,jfilipputti4j,25,87,338,2019-03-01 04:13:06
165,4,7,sgruszka4k,18,70,800,2019-01-15 02:24:07
166,2,697,ewybourne4l,89,32,406,2019-04-22 12:22:16
167,3,912,eenga4m,30,41,219,2018-08-12 09:14:53
168,2,381,thalt4n,43,43,75,2018-10-23 13:35:24
169,1,934,wjob4o,62,55,203,2018-10-11 17:04:06
170,4,857,iseleway4p,65,68,402,2019-05-28 16:31:41
171,1,311,danning4q,83,30,792,2018-07-25 13:49:05
172,4,789,bnussii4r,24,60,521,2019-04-27 01:40:41
173,4,398,wmuckloe4s,28,94,910,2018-11-15 21:21:22
174,3,727,minkin4t,90,12,52,2018-10-27 20:03:28
175,2,521,dwychard4u,27,39,524,2018-10-25 03:29:30
176,1,641,cgormley4v,73,26,543,2018-07-15 01:46:27
177,4,178,pknollesgreen4w,90,60,891,2019-02-05 04:43:30
178,1,938,rfordy4x,89,12,565,2018-06-20 16:24:51
179,1,51,jclara4y,95,95,961,2018-09-17 16:45:46
180,3,249,ndinkin4z,22,74,615,2018-08-07 01:08:35
181,1,172,erown50,60,51,512,2019-04-05 01:06:07
182,1,373,rpicard51,9,67,701,2018-11-25 19:35:03
183,1,149,srathke52,28,98,848,2018-09-10 23:25:00
184,2,805,mzumbusch53,42,62,984,2019-04-20 09:32:52
185,1,232,jkey54,91,54,847,2018-07-20 09:39:04
186,2,284,cpiolli55,87,66,42,2019-05-02 19:11:45
187,1,311,apoyntz56,38,38,458,2019-01-01 17:52:22
188,2,840,pconstantine57,3,77,930,2018-08-28 18:56:33
189,3,1,bbottrell58,66,41,769,2019-01-24 15:30:30
190,1,921,omurby59,72,89,651,2018-06-15 19:52:16
191,1,754,mkynman5a,80,84,545,2018-11-16 02:24:27
192,3,433,ngerty5b,98,83,541,2019-03-09 17:19:23
193,1,463,mkener5c,48,32,572,2018-09-19 11:27:55
194,2,215,nnarbett5d,87,25,593,2019-02-24 06:55:45
195,4,102,psummerley5e,70,47,82,2018-10-21 13:44:10
196,3,706,bjendrusch5f,57,82,141,2018-08-11 01:40:07
197,2,120,htibalt5g,86,24,636,2018-07-17 00:33:34
198,4,835,hellsbury5h,83,65,463,2018-09-12 17:04:46
199,1,222,glane5i,94,26,946,2019-06-01 21:20:13
200,3,133,tgoodbarr5j,16,94,192,2019-01-05 22:11:38
201,1,173,fwhife5k,71,41,39,2018-08-16 23:32:00
202,3,984,bohern5l,30,24,400,2019-03-15 10:20:32
203,4,436,ojowers5m,99,32,396,2018-07-31 14:15:14
204,2,693,idarque5n,59,43,719,2019-01-14 00:07:48
205,2,827,cmcnalley5o,96,79,364,2018-06-06 16:47:48
206,4,660,dkorneev5p,65,33,868,2018-08-25 23:49:17
207,1,613,cfautley5q,66,25,448,2018-12-09 16:58:07
208,2,149,oduxbarry5r,39,66,876,2019-01-21 06:57:21
209,4,89,lhaspineall5s,16,47,136,2019-03-27 22:38:37
210,4,221,jcomo5t,6,7,797,2018-06-22 09:26:14
211,1,994,svanson5u,42,10,278,2019-03-23 16:29:42
212,1,885,omcavey5v,59,31,201,2018-06-26 12:31:06
213,3,601,pklulicek5w,14,80,120,2019-01-18 18:13:07
214,1,417,rdeetch5x,4,6,587,2018-06-06 16:09:09
215,1,724,nhonacker5y,31,94,564,2019-03-19 08:50:21
216,1,467,mnaile5z,39,70,935,2019-01-01 04:34:42
217,4,4,aadshed60,62,63,425,2018-10-08 10:52:03
218,3,749,ependrey61,100,98,387,2018-09-12 19:44:11
219,1,253,jhydechambers62,58,94,91,2019-02-26 23:53:49
220,1,439,cmatusiak63,22,78,723,2019-04-06 16:47:04
221,1,128,dklemmt64,93,60,827,2018-12-29 00:55:09
222,1,462,rhuggens65,72,16,653,2019-02-26 06:07:11
223,2,693,damar66,34,10,938,2019-04-25 17:18:09
224,4,947,haisbett67,13,2,313,2019-02-19 17:19:37
225,4,331,bobrian68,31,73,616,2018-11-10 11:44:22
226,4,306,rmarchello69,94,25,307,2019-02-18 18:48:05
227,4,449,fbettley6a,17,10,807,2018-08-28 06:24:53
228,2,164,mnewvell6b,11,52,595,2019-01-24 03:54:02
229,1,7,fewbanche6c,97,69,132,2018-08-11 10:28:16
230,3,91,bmacdougal6d,2,58,908,2018-07-26 00:29:07
231,2,254,ffelgate6e,10,12,103,2018-11-06 00:49:15
232,4,188,mfourman6f,80,29,215,2018-09-23 11:53:54
233,1,475,bcaldeiro6g,86,9,184,2018-06-24 20:02:48
234,3,192,lhinchon6h,90,46,466,2018-11-07 23:25:07
235,4,380,cleere6i,39,10,611,2019-05-09 02:44:54
236,1,697,hmulholland6j,46,66,437,2019-04-20 18:12:42
237,1,691,gameerbeg6k,60,89,269,2018-08-08 00:38:14
238,4,365,bbettridge6l,24,70,221,2018-06-29 21:51:42
239,4,141,obrack6m,57,44,929,2019-05-30 15:31:40
240,4,166,bmackonochie6n,56,83,683,2019-04-16 07:38:59
241,3,972,tiacomettii6o,63,8,351,2018-06-08 04:08:58
242,3,809,mgasson6p,94,11,730,2018-11-17 22:40:41
243,3,659,fbooeln6q,11,56,527,2019-02-07 20:12:14
244,3,49,treddecliffe6r,61,4,278,2018-07-08 14:31:37
245,3,435,hsmallbone6s,69,88,589,2018-09-05 18:09:46
246,2,867,bradleigh6t,91,18,987,2018-08-09 17:44:02
247,4,437,vcoxwell6u,6,59,661,2019-04-19 17:46:47
248,3,847,ahartzenberg6v,90,28,715,2019-01-22 07:34:42
249,2,367,ckilroy6w,84,61,458,2019-05-10 15:08:03
250,2,934,hfurmage6x,87,92,967,2018-09-11 23:34:38
251,1,311,cdavion6y,7,13,205,2018-08-19 17:07:52
252,2,940,bspoure6z,46,67,914,2018-12-28 03:39:34
253,2,739,pbazoche70,97,97,523,2019-04-16 06:06:53
254,2,395,cmulheron71,27,53,616,2019-03-21 11:27:43
255,3,426,hcarslaw72,8,49,782,2018-11-23 03:26:17
256,2,59,emcwhinnie73,19,33,943,2019-02-01 03:16:56
257,2,602,vlovart74,94,5,481,2019-03-24 19:59:09
258,1,730,mpolfer75,91,90,615,2018-06-28 16:35:51
259,4,181,dcantero76,22,28,985,2018-06-25 22:07:41
260,4,777,msells77,6,67,293,2018-06-04 02:24:50
261,4,796,tattride78,92,44,187,2019-04-28 05:55:57
262,1,948,gwetherhead79,8,49,893,2018-10-01 00:09:11
263,4,612,wmews7a,69,95,931,2019-04-12 00:32:46
264,3,668,atyhurst7b,76,61,231,2019-03-28 11:08:32
265,1,363,cfirk7c,90,45,993,2019-03-16 08:01:27
266,4,158,gragate7d,85,98,544,2018-09-02 22:59:11
267,4,326,jclere7e,83,35,391,2018-08-12 07:19:48
268,1,215,dreightley7f,37,47,111,2018-09-11 12:20:04
269,2,686,gmyring7g,10,19,23,2018-11-15 23:24:07
270,2,216,fclinton7h,70,96,24,2018-07-23 20:18:42
271,4,641,bcharke7i,68,64,743,2018-08-04 01:36:00
272,3,585,fradish7j,14,2,393,2019-04-29 14:58:46
273,4,66,amacmurray7k,60,4,286,2018-10-01 05:37:24
274,4,156,dhandman7l,74,73,143,2019-02-02 17:44:48
275,4,123,eparradine7m,9,70,812,2018-08-20 15:36:10
276,3,615,dstarling7n,2,61,753,2019-03-13 00:28:49
277,4,851,nlorenc7o,86,7,457,2018-12-18 14:16:46
278,1,682,rminto7p,22,30,685,2018-10-24 11:33:50
279,2,360,cdecourcey7q,19,6,714,2018-08-29 14:36:11
280,1,104,dbarfitt7r,29,8,481,2018-06-02 21:05:35
281,2,214,mhurche7s,57,22,489,2019-04-13 04:42:54
282,1,509,btrinder7t,14,8,576,2019-04-20 08:31:51
283,3,217,fwalklett7u,54,15,79,2019-01-23 21:54:16
284,3,481,mgrima7v,83,33,911,2018-12-16 23:33:11
285,3,407,eblodget7w,83,79,564,2018-06-02 22:56:45
286,4,979,tgreensall7x,33,33,446,2018-10-27 21:17:07
287,3,313,sorbell7y,19,74,511,2018-07-22 12:37:35
288,4,776,gchessman7z,45,37,868,2019-02-01 00:21:56
289,2,541,moran80,65,1,698,2019-03-06 01:09:41
290,2,590,farsey81,62,95,512,2018-10-20 20:56:01
291,1,464,credgrove82,40,53,99,2018-07-01 20:36:59
292,4,821,lfrancescoccio83,19,13,600,2019-03-03 22:10:09
293,1,581,mboyde84,83,43,98,2019-03-10 08:30:11
294,4,494,lfrangione85,52,98,7,2019-03-17 09:41:10
295,1,711,ethomazin86,28,91,84,2018-09-10 08:44:21
296,3,828,gjemmett87,54,75,56,2018-06-18 10:19:47
297,4,563,dcalf88,54,85,538,2018-09-16 12:52:23
298,1,975,apantecost89,69,25,175,2019-05-10 13:43:39
299,4,127,sdaintier8a,100,79,760,2019-04-13 15:42:12
300,4,120,bpic8b,1,12,23,2018-12-21 04:52:31
301,4,16,rbiskupski8c,60,40,986,2018-12-08 23:06:10
302,3,71,cduplain8d,46,82,678,2018-07-05 00:45:07
303,3,589,fscantleberry8e,42,81,159,2018-10-30 07:28:16
304,2,46,jcasford8f,72,70,406,2019-03-27 04:18:06
305,3,85,hbaroch8g,38,53,704,2018-09-29 13:06:31
306,2,710,ngreenlees8h,6,96,316,2018-06-30 05:11:57
307,3,398,sproudler8i,90,63,763,2018-11-20 08:47:42
308,3,964,jfirpi8j,84,84,101,2019-01-22 18:24:40
309,4,378,bmantram8k,29,84,671,2019-02-21 15:51:22
310,2,802,gmclemon8l,4,87,728,2019-04-06 06:31:25
311,4,454,tlinklet8m,100,67,786,2019-05-01 06:22:11
312,1,707,ybirckmann8n,81,21,295,2018-06-13 19:21:27
313,2,710,epadilla8o,66,40,464,2019-05-05 17:50:38
314,3,159,lgallally8p,5,65,410,2019-01-13 05:58:42
315,4,371,grohlfs8q,89,27,869,2018-06-17 00:39:38
316,1,206,dmathelin8r,95,96,626,2018-06-13 09:15:04
317,3,579,pblaise8s,12,75,472,2018-09-24 05:26:35
318,2,672,bivers8t,19,28,89,2019-04-02 21:41:14
319,4,932,mbutchard8u,89,81,459,2019-02-04 16:21:53
320,2,598,htrout8v,6,45,903,2019-05-16 01:36:19
321,3,840,cducrow8w,47,81,246,2018-06-09 16:46:30
322,2,220,rkempson8x,64,48,619,2018-12-25 13:46:38
323,1,221,ebridgewood8y,79,47,775,2018-07-12 13:13:44
324,1,15,achotty8z,91,81,306,2018-08-27 09:24:01
325,3,878,mearnshaw90,38,23,464,2019-03-30 19:32:26
326,3,787,mmcturlough91,43,39,867,2019-01-24 06:51:48
327,4,836,lkumar92,97,94,785,2019-02-17 20:10:32
328,2,13,rmcduffy93,93,58,126,2019-03-14 14:34:03
329,2,505,owarlawe94,71,69,985,2018-09-03 09:28:28
330,2,149,pmonger95,9,29,848,2018-11-05 18:51:34
331,3,739,cosorio96,19,52,722,2019-03-08 10:51:33
332,2,442,nnussii97,47,91,245,2018-07-14 10:25:56
333,1,387,edanilishin98,82,83,77,2018-06-28 23:16:31
334,3,610,tspaice99,2,74,522,2019-05-25 04:44:59
335,1,796,atailby9a,61,32,473,2018-12-02 02:00:13
336,3,697,eboyce9b,51,90,940,2019-05-04 13:01:16
337,2,432,tmiddlewick9c,52,57,969,2018-07-17 12:21:20
338,3,193,pflamank9d,86,83,681,2018-06-26 12:48:58
339,2,588,gmagill9e,42,24,908,2018-09-29 00:32:22
340,1,203,amccurtain9f,77,72,73,2018-11-17 12:46:12
341,4,650,cmcgennis9g,43,58,660,2018-07-04 01:55:11
342,1,683,bbrahan9h,30,14,734,2018-09-13 07:37:28
343,4,808,jdahlborg9i,13,36,762,2019-04-12 06:53:55
344,4,155,ztuckwood9j,32,98,797,2019-03-15 12:59:04
345,4,11,msissel9k,51,36,652,2019-02-09 10:55:11
346,1,616,lsiddens9l,27,96,773,2018-07-02 09:10:41
347,2,956,jgarza9m,49,44,945,2019-02-02 03:39:07
348,4,270,eballach9n,53,72,285,2019-01-20 14:18:38
349,4,240,mmussared9o,27,76,498,2018-10-25 04:01:59
350,2,585,cmacdonald9p,57,22,707,2019-01-26 03:05:04
351,4,102,rfettes9q,20,29,900,2019-05-15 01:27:10
352,2,938,akelsey9r,67,50,263,2018-06-25 08:14:49
353,3,447,psarsons9s,84,89,619,2018-08-05 22:16:49
354,4,514,jfrancesco9t,78,88,305,2018-11-13 11:49:57
355,4,980,zcurtois9u,75,52,488,2018-09-01 00:36:39
356,2,679,dpetrollo9v,90,40,888,2018-09-30 16:50:14
357,1,421,aface9w,9,94,898,2018-10-29 18:41:51
358,4,243,cranger9x,4,51,998,2019-02-11 07:54:16
359,4,446,vpoutress9y,5,92,493,2019-03-10 03:52:02
360,3,616,mrearie9z,61,86,160,2018-07-24 20:53:10
361,3,991,lbahiaa0,21,46,820,2019-03-13 03:47:10
362,1,75,oghirigoria1,68,10,780,2019-04-22 17:03:37
363,1,62,mtoghilla2,69,84,556,2018-11-23 20:42:55
364,4,850,bmilburna3,45,75,656,2018-06-03 23:12:03
365,1,797,dmcileena4,15,92,387,2018-09-14 10:00:48
366,3,709,cvaraha5,29,45,38,2018-09-25 09:19:53
367,4,796,ggladstonea6,54,97,150,2018-11-18 08:19:44
368,3,627,escarborougha7,32,95,156,2019-03-17 09:19:44
369,3,986,pcoombea8,1,79,15,2019-05-27 16:16:28
370,2,172,myarhama9,60,90,342,2019-01-11 14:29:49
371,2,292,abubbaa,44,97,684,2018-09-09 03:10:49
372,3,436,thellicarab,44,11,745,2018-10-07 08:15:41
373,1,844,mbailissac,90,76,471,2019-03-15 12:36:25
374,2,47,japplefordad,40,82,313,2018-12-05 07:35:11
375,3,651,enerhenyae,74,65,514,2018-06-06 07:12:54
376,3,763,anegalaf,58,45,738,2019-05-12 01:44:28
377,2,570,sceyssenag,15,40,255,2019-04-03 22:44:11
378,4,334,mdoblinah,57,52,81,2019-02-14 18:53:56
379,3,11,sbelvinai,83,67,595,2018-07-27 00:30:57
380,1,96,rgaudonaj,48,12,121,2019-05-10 06:45:55
381,4,604,hchettoeak,8,50,635,2018-12-19 17:02:26
382,2,672,mdomaschkeal,74,45,263,2018-06-27 10:48:13
383,2,102,stownshendam,15,70,414,2019-01-12 13:16:02
384,4,320,clodewickan,73,6,982,2019-05-07 09:29:38
385,2,141,landrzejewskiao,53,6,912,2018-06-19 14:14:32
386,4,331,nraddenburyap,90,25,36,2018-06-12 03:06:57
387,4,106,epaddieaq,81,15,74,2018-08-12 23:25:02
388,4,312,ferbainar,73,10,561,2019-05-11 17:27:45
389,1,670,cpepperillas,90,40,500,2018-06-20 12:39:03
390,4,932,rpostlesat,33,41,323,2019-01-09 02:08:20
391,1,701,dbenediktau,2,6,92,2018-10-03 11:24:13
392,1,576,pmaccambridgeav,91,49,621,2019-01-20 05:35:53
393,4,904,aucaw,5,78,464,2018-06-14 02:00:50
394,3,464,medmundsonax,64,73,916,2018-06-14 02:11:28
395,4,734,ikinkeaday,23,83,92,2019-03-25 07:00:13
396,1,155,cphettiplaceaz,33,13,551,2019-01-24 13:59:40
397,4,839,kheaslipb0,72,55,721,2018-08-31 10:29:50
398,4,506,mdanielotb1,15,3,24,2018-10-24 14:03:14
399,1,723,abarnshawb2,83,79,290,2018-12-12 13:44:51
400,4,949,jeaglandb3,41,92,594,2018-11-18 14:31:41
401,1,788,pbuttlerb4,99,29,710,2019-02-14 22:04:41
402,2,402,tgrishuninb5,78,85,889,2019-03-12 01:19:06
403,2,488,kduffb6,60,4,974,2018-06-23 14:27:10
404,4,899,lmacauleyb7,28,12,426,2019-03-11 06:29:21
405,1,227,bgittisb8,82,5,167,2018-11-19 09:59:07
406,1,86,theadanb9,19,40,333,2018-08-23 03:10:55
407,2,373,hcorbittba,19,100,258,2019-04-25 12:13:11
408,2,344,bedenbb,23,75,448,2018-07-14 13:10:05
409,2,464,usaddlerbc,67,80,462,2018-12-25 23:35:32
410,3,912,jmusterdbd,18,9,594,2019-02-19 09:11:50
411,4,660,lmundiebe,51,68,261,2018-10-11 20:40:39
412,3,634,ymacallesterbf,11,61,341,2018-10-01 18:19:50
413,1,324,jhobgenbg,96,80,685,2018-07-27 05:16:53
414,1,126,mcrocombebh,60,55,998,2018-10-11 04:54:17
415,4,210,nmulcahybi,12,81,857,2019-04-26 17:01:43
416,1,733,rbrigdalebj,4,100,790,2019-04-20 20:07:40
417,1,984,ssouthernbk,58,53,19,2019-02-05 03:46:12
418,4,478,ctithecotebl,29,19,94,2019-05-02 14:59:03
419,1,946,rdetocquevillebm,89,46,623,2018-06-02 18:37:16
420,4,578,kargobn,39,43,821,2018-07-24 15:29:55
421,4,789,imcgilbenbo,75,24,723,2019-04-01 09:16:28
422,3,467,araybp,12,87,294,2019-01-30 16:02:00
423,2,927,slewisbq,2,89,112,2018-06-02 17:03:51
424,2,286,rchaudrellebr,32,39,732,2018-12-01 15:07:16
425,4,60,gtibbitsbs,58,55,112,2018-07-18 21:52:16
426,1,503,fragbournbt,75,17,295,2019-04-06 21:53:46
427,3,105,mpletbu,84,77,871,2018-09-18 17:03:22
428,2,800,cwoodesbv,53,55,567,2019-05-27 21:41:43
429,3,979,lgerdesbw,8,67,603,2018-12-31 15:13:03
430,4,589,cjeffelsbx,35,65,79,2019-01-05 07:57:25
431,4,85,sfrowenby,27,91,200,2019-02-10 02:15:24
432,3,370,cstaterfieldbz,98,98,331,2018-08-24 06:30:09
433,2,79,hmillionsc0,67,24,314,2018-11-15 20:31:34
434,2,779,sbennenc1,79,84,72,2019-02-21 21:38:58
435,4,526,mozintsevc2,90,22,484,2018-12-19 05:55:23
436,4,557,dantonellinic3,84,45,596,2018-06-20 07:59:25
437,3,39,sturbatc4,23,84,272,2018-10-23 16:41:42
438,2,203,rwoolfendenc5,58,43,820,2018-09-17 23:12:13
439,3,11,jstammirsc6,92,80,220,2018-10-12 03:53:56
440,4,181,ibillsc7,30,7,961,2019-04-12 08:07:26
441,4,320,gbrunkec8,16,32,754,2019-04-10 04:55:22
442,4,845,hbaslerc9,59,9,600,2018-09-16 03:25:14
443,1,653,cmacgruerca,53,2,433,2019-02-19 22:42:08
444,2,729,jgallandcb,67,29,285,2018-07-06 22:37:08
445,2,710,llabordacc,91,76,199,2019-01-28 00:57:09
446,1,626,oulrikcd,10,32,741,2018-10-22 15:30:41
447,1,198,lfaughnance,78,2,765,2019-04-23 16:29:15
448,2,601,jglassardcf,98,56,695,2019-01-24 22:37:55
449,1,157,shawkeswoodcg,46,91,192,2018-07-29 20:10:27
450,1,283,cbraithwaitch,80,75,981,2018-07-07 18:46:03
451,2,847,ttrimmingci,90,44,671,2019-03-06 10:22:33
452,4,476,vmicocj,2,23,510,2018-09-26 03:39:35
453,1,759,hjerrimck,43,56,670,2018-06-14 03:33:52
454,1,113,crhodescl,69,26,489,2018-08-09 02:30:51
455,4,654,apencottcm,41,59,426,2018-07-26 13:41:26
456,1,203,jscrivencn,71,86,896,2019-01-01 11:53:17
457,3,975,arannieco,79,92,876,2018-09-14 18:36:32
458,1,504,zrobakcp,3,12,958,2018-12-07 21:46:59
459,1,158,cdudgeoncq,82,64,690,2019-02-19 13:44:37
460,4,701,tfranzottocr,58,93,128,2019-03-15 19:45:51
461,1,803,vbonteincs,85,53,263,2019-03-31 16:42:49
462,2,915,kgiannict,89,68,333,2019-03-13 21:09:30
463,3,951,ereilycu,55,14,361,2018-06-03 19:11:09
464,3,47,nguillermancv,6,60,116,2019-04-21 02:13:35
465,3,345,cmcelreecw,24,33,464,2018-12-21 23:32:18
466,3,176,akilbanecx,94,76,473,2018-09-13 02:52:40
467,3,712,felfleetcy,85,64,729,2019-02-10 09:45:07
468,1,372,tmartycz,86,36,70,2019-05-18 02:49:24
469,2,772,dtomasonid0,79,30,824,2018-07-03 17:46:05
470,1,791,balejandrid1,62,94,226,2018-06-09 21:57:33
471,3,944,dfoldd2,30,12,642,2018-11-27 21:41:29
472,1,233,gbevilled3,50,81,932,2018-06-09 01:53:21
473,3,465,lroundsd4,25,6,712,2019-01-09 05:43:46
474,4,719,ushwennd5,7,43,722,2019-03-26 06:09:36
475,3,95,amellingsd6,88,23,792,2019-02-22 11:39:23
476,2,640,vcottrilld7,10,54,804,2018-08-17 12:23:57
477,3,364,orisbied8,41,74,648,2018-07-14 14:44:27
478,3,984,gnouryd9,17,86,487,2019-05-17 11:32:08
479,2,361,dmccuaigda,66,17,772,2018-08-17 01:53:49
480,2,254,asummersbydb,55,77,604,2019-01-06 00:23:39
481,1,449,jliddicoatdc,66,92,218,2018-09-14 17:18:39
482,1,296,mwindaybankdd,2,72,260,2018-10-04 20:27:11
483,4,156,jcapewellde,94,67,68,2019-04-03 06:53:31
484,1,927,lbetkedf,59,34,141,2018-08-19 09:44:24
485,1,15,iheelisdg,8,5,574,2018-06-24 04:50:24
486,2,726,scarressdh,50,95,204,2018-12-24 12:06:23
487,2,157,lglanisterdi,48,82,379,2019-01-27 01:49:22
488,4,386,rstyledj,92,96,272,2019-01-23 09:35:19
489,3,813,cpittockdk,20,87,874,2019-03-16 11:50:00
490,2,476,mtimebydl,57,95,640,2018-10-18 10:28:01
491,2,483,lwhalldm,9,16,731,2018-06-04 03:58:05
492,2,245,ekisselldn,9,34,807,2018-12-29 17:14:16
493,3,290,hdarcydo,61,2,849,2018-06-25 11:47:42
494,4,819,rurlingdp,38,10,595,2019-03-24 20:43:14
495,3,811,lduhamdq,90,51,762,2019-04-04 15:48:34
496,1,550,acitrinedr,93,76,734,2018-10-23 07:05:58
497,2,325,lbarnesds,76,30,923,2018-07-02 20:45:22
498,2,639,cevedt,84,16,212,2019-04-29 11:05:25
499,2,321,bconaghandu,41,15,419,2018-12-28 18:42:06
500,4,407,bpeegremdv,85,31,563,2019-01-12 09:57:32
501,4,146,ltrevethandw,23,89,256,2019-04-22 18:22:39
502,4,351,wcoxendx,81,48,791,2018-10-11 17:50:57
503,2,181,cdowsedy,43,42,57,2018-12-15 21:19:51
504,1,260,kthunnercliffedz,2,15,481,2018-12-19 09:20:33
505,4,119,lallome0,31,40,913,2018-10-01 02:48:55
506,1,145,alounde1,34,32,268,2018-09-09 03:43:50
507,2,968,iwindrame2,74,32,243,2019-04-06 16:48:22
508,1,52,grubenfelde3,48,19,200,2018-09-20 14:06:53
509,2,193,ggemmille4,94,45,607,2018-09-06 09:48:59
510,2,235,jwaise5,18,98,984,2018-10-16 19:31:30
511,1,829,splake6,12,10,326,2019-03-24 01:23:45
512,3,96,hbrandonie7,65,52,67,2018-10-16 00:13:29
513,3,696,wdomkee8,30,59,125,2018-10-28 13:46:04
514,3,746,fserriere9,64,17,283,2019-05-03 09:39:40
515,3,260,abriteeea,2,15,895,2018-09-25 09:37:59
516,4,247,npleasantseb,29,88,104,2019-02-22 12:54:16
517,2,966,tbellowsec,35,85,529,2018-09-08 19:15:46
518,2,576,nlytelled,87,65,512,2018-07-26 22:17:01
519,3,590,fvahlee,53,46,234,2019-02-28 19:39:14
520,3,478,brobinetef,3,74,133,2018-12-15 15:41:23
521,2,989,brhyddercheg,13,55,609,2018-06-06 14:38:55
522,4,606,scharteh,89,46,941,2019-02-14 14:04:07
523,1,315,areightleyei,72,26,156,2019-01-18 20:49:38
524,2,598,bluckeyej,94,31,628,2019-02-21 02:51:51
525,2,817,rleipeltek,59,59,983,2019-03-05 03:16:27
526,3,283,ebeekenel,34,2,852,2018-08-08 03:20:17
527,3,706,norgillem,60,33,305,2019-02-20 00:20:42
528,2,380,apitkeathlyen,68,43,901,2018-12-14 11:26:40
529,4,502,bhalfacreeeo,99,67,186,2018-06-05 20:09:52
530,4,384,mdittsep,46,86,364,2018-10-12 21:53:39
531,4,944,mrainardeq,28,75,179,2018-10-06 04:51:51
532,2,82,tshrubber,45,24,507,2018-07-12 07:26:12
533,3,164,agoghines,23,76,1000,2018-12-29 06:16:09
534,2,613,mfolgeret,40,18,953,2018-12-07 07:58:34
535,3,160,jenticknapeu,5,75,520,2018-08-08 05:17:58
536,3,145,lalbanev,20,75,87,2018-12-15 03:25:13
537,1,410,jstrongmanew,93,28,645,2019-03-10 15:01:27
538,2,982,rwoolliamsex,60,88,901,2018-07-31 05:42:57
539,3,436,djirousekey,25,86,222,2019-05-04 10:41:54
540,1,603,kperrotez,77,99,750,2018-10-28 21:58:51
541,1,285,ashowerf0,88,49,451,2018-07-24 15:37:02
542,1,99,fjanningsf1,91,20,757,2018-07-26 13:13:35
543,3,312,yocklandf2,55,31,426,2018-09-09 22:08:45
544,4,485,cbariballf3,75,52,198,2018-09-25 09:06:21
545,2,603,bcawf4,17,87,100,2018-11-09 18:31:01
546,2,536,bmirfinf5,29,24,402,2019-05-13 20:59:18
547,4,346,ysneesbyf6,82,1,429,2019-03-27 07:12:36
548,2,253,larndtsenf7,92,41,289,2019-03-19 22:33:34
549,2,665,auddenf8,29,66,561,2018-11-14 14:48:03
550,4,144,jbrashf9,35,49,708,2018-06-30 13:41:58
551,1,809,lagronskifa,14,47,336,2019-02-28 12:06:23
552,3,923,llanslyfb,34,99,293,2018-12-12 19:11:13
553,1,414,vosininfc,38,72,145,2019-03-17 16:58:46
554,1,615,smeriguetfd,26,63,46,2019-04-07 14:14:04
555,1,499,lsaintfe,39,14,878,2019-03-14 23:19:25
556,3,926,mskittrealff,3,46,626,2018-09-04 15:47:13
557,2,146,banteckifg,97,92,152,2018-06-21 23:32:47
558,3,710,eheafordfh,63,42,832,2019-05-05 13:41:31
559,4,591,hrushbrookefi,91,18,270,2019-05-31 23:30:45
560,1,833,lmulqueenfj,18,61,280,2019-04-28 19:13:12
561,1,387,cwiltshirefk,85,36,666,2018-11-28 06:37:39
562,1,577,cknyvettfl,71,1,391,2018-09-02 13:59:18
563,2,39,dmcgonaglefm,3,81,404,2018-11-29 09:32:00
564,3,756,lscrivinfn,7,8,117,2019-01-04 12:19:22
565,3,719,gbabinfo,4,7,2,2019-02-06 09:36:56
566,1,125,nmacpeakefp,48,33,926,2018-08-17 23:15:02
567,3,459,kbartlamfq,21,44,723,2018-07-02 13:11:00
568,4,844,lfrancescofr,75,4,656,2018-08-14 07:11:29
569,2,180,dwhyliefs,2,10,747,2018-06-05 23:34:24
570,3,196,bcurlft,94,65,680,2019-01-31 21:17:25
571,3,550,emataninfu,99,81,47,2018-10-08 23:32:09
572,1,101,ajirieckfv,43,51,980,2019-03-14 22:57:59
573,2,21,bjeavesfw,86,91,137,2018-09-21 03:12:13
574,1,962,singreyfx,70,13,886,2018-08-10 23:35:18
575,4,437,cwaldrumfy,9,76,391,2019-02-10 15:33:12
576,3,459,gsouthonfz,62,20,783,2019-02-05 14:30:25
577,3,297,bgoodludg0,17,53,851,2019-01-30 20:49:48
578,2,43,tdeschelleg1,24,9,428,2018-08-11 09:04:00
579,2,38,dmilnerg2,27,69,958,2019-05-01 23:36:05
580,3,928,llippittg3,77,40,485,2018-07-05 17:47:58
581,1,512,fskaifg4,55,14,465,2019-04-29 04:52:38
582,3,532,rloveardg5,80,5,800,2018-09-08 04:24:53
583,3,362,lreadettg6,66,12,635,2018-09-02 08:07:43
584,1,63,gjeannaudg7,32,30,155,2019-05-06 05:56:54
585,1,734,aszapirog8,17,15,229,2019-04-30 09:20:07
586,3,356,kelderbrantg9,3,3,475,2019-04-21 18:54:08
587,1,305,adavidiga,73,42,339,2018-12-30 22:55:28
588,1,57,kcraufordgb,80,48,932,2019-02-05 16:56:42
589,1,48,smughalgc,76,58,516,2019-04-07 19:31:03
590,2,562,gscirmangd,13,82,532,2019-01-28 12:44:45
591,3,678,hpinkettge,10,34,805,2018-07-26 23:41:45
592,3,133,cbassogf,61,51,720,2018-11-06 07:03:39
593,1,766,spopleegg,97,81,944,2019-02-22 08:54:51
594,2,348,habyssgh,79,70,442,2019-03-09 00:52:33
595,2,464,rclaissegi,1,19,233,2018-08-07 05:46:56
596,2,269,bhannangj,44,82,89,2018-06-05 09:06:39
597,1,706,tkleselgk,75,49,356,2018-07-01 13:42:27
598,4,93,bilymanovgl,20,80,832,2018-10-13 03:03:53
599,3,383,lmartinsgm,56,14,625,2018-07-26 10:37:38
600,4,691,lmcewangn,78,77,67,2018-06-16 12:34:44
601,1,394,futleygo,9,73,84,2018-10-14 13:28:39
602,3,647,cnozzoliigp,90,57,804,2019-05-21 11:57:14
603,3,899,bdavittigq,97,9,219,2018-07-21 11:30:01
604,1,32,nlyddyardgr,93,38,163,2019-05-23 09:02:25
605,3,953,byokleygs,89,86,82,2018-06-16 11:52:09
606,3,758,tollingt,27,54,479,2019-02-16 09:10:50
607,1,181,srockinghamgu,87,90,58,2018-10-11 10:56:24
608,1,87,cpoldengv,31,39,466,2019-05-13 08:19:51
609,3,240,hnorthagegw,35,19,561,2019-04-17 14:53:30
610,4,736,grunchmangx,99,33,248,2019-05-10 06:49:15
611,3,25,dhoundsomgy,25,75,639,2018-08-17 18:34:54
612,3,66,igehrickegz,50,5,15,2019-04-25 18:00:25
613,1,552,dsailesh0,46,78,160,2019-03-10 00:48:35
614,3,613,pmacgounh1,23,28,611,2018-09-11 07:31:20
615,4,195,brookeh2,46,97,987,2018-12-15 18:20:14
616,1,975,keaglenh3,9,2,355,2019-02-17 04:40:48
617,2,13,blanfareh4,31,68,842,2018-06-06 22:49:52
618,4,135,atuminellih5,15,8,844,2019-02-11 02:00:58
619,3,102,vrixonh6,44,46,988,2018-11-16 19:36:06
620,2,840,phourstanh7,16,38,574,2019-02-02 15:06:20
621,4,412,adoyleyh8,17,5,91,2018-07-24 20:34:19
622,2,921,apainswickh9,3,66,706,2019-02-01 04:51:52
623,2,146,bstoffelsha,90,2,123,2018-10-30 17:58:21
624,3,436,celloithb,49,16,40,2019-05-03 02:30:59
625,2,410,ehugueshc,53,95,894,2018-12-05 05:50:16
626,4,405,wmeinekenhd,36,73,617,2018-06-06 01:32:18
627,1,963,mcurtisshe,1,45,972,2018-11-19 22:33:10
628,3,754,flingwoodhf,21,57,715,2019-01-31 10:10:08
629,1,336,lknudsenhg,33,57,782,2018-11-30 23:20:56
630,2,229,mhaighh,42,36,873,2019-01-01 11:50:05
631,4,597,lmckerliehi,2,60,625,2018-10-02 07:01:43
632,2,480,mpyserhj,26,32,754,2018-12-08 01:14:46
633,1,437,rbrodiehk,94,95,185,2018-09-17 10:25:59
634,1,703,jmcglewhl,79,29,154,2019-05-02 09:19:57
635,1,961,abarthorpehm,1,6,830,2018-10-20 21:28:03
636,3,535,bpuddiferhn,3,85,434,2018-09-03 07:41:51
637,3,760,tshaplinho,42,76,843,2018-12-04 20:50:39
638,3,534,rhutablehp,47,17,107,2019-05-05 08:04:52
639,1,612,vservicehq,87,97,456,2019-03-10 08:27:38
640,1,364,jledgertonhr,22,22,186,2019-03-26 03:15:43
641,4,678,hjenourehs,72,84,376,2018-09-11 03:48:11
642,4,64,kwarnockht,21,65,446,2018-12-22 04:52:19
643,3,369,ctremberthhu,96,93,718,2018-11-19 07:43:39
644,3,367,opetherickhv,18,69,875,2018-07-27 07:57:07
645,2,432,aboylandhw,84,28,433,2018-11-17 14:33:05
646,2,807,ecleverleyhx,79,77,435,2019-04-08 11:33:22
647,1,885,bfarranhy,62,60,546,2019-03-15 23:14:02
648,2,539,ogrzeskowskihz,89,9,80,2018-12-30 05:53:11
649,4,151,ecolletei0,32,77,739,2019-04-12 05:31:47
650,3,921,arakesi1,59,43,514,2018-11-24 10:30:30
651,2,956,cswindellsi2,87,32,466,2018-10-08 15:58:52
652,1,326,sscotfordi3,10,79,117,2019-02-14 14:39:25
653,4,948,chackingi4,22,48,354,2018-10-18 19:15:53
654,4,668,mgreigi5,34,15,617,2019-01-16 09:06:47
655,3,198,smacfarlanei6,35,7,192,2018-08-09 17:24:14
656,3,598,hsavinsi7,44,91,979,2019-04-15 03:05:41
657,3,25,gdimitrievi8,34,50,755,2018-07-06 07:15:16
658,3,607,apentercosti9,84,97,734,2019-01-31 16:17:48
659,1,760,mcelizia,66,29,707,2018-11-16 03:49:22
660,1,941,rkingsnodib,59,100,785,2018-07-10 20:42:24
661,2,280,dbullonic,80,35,470,2018-06-12 03:30:12
662,3,609,growlinid,50,54,892,2019-05-18 15:04:12
663,1,207,jfitzalanie,47,88,653,2018-07-06 16:24:20
664,3,342,jridwoodif,79,9,89,2018-06-23 05:33:48
665,3,634,lglavesig,31,77,889,2019-04-28 05:02:03
666,2,553,oferrerih,93,30,408,2018-06-24 14:09:51
667,4,556,landragii,40,91,661,2019-04-21 05:52:29
668,3,764,msavouryij,97,58,859,2018-10-22 06:16:54
669,3,742,mofallonik,13,94,58,2019-02-09 07:59:52
670,1,898,csubhanil,100,54,4,2019-04-02 10:10:47
671,4,388,mturgooseim,81,66,114,2019-03-13 11:37:59
672,2,873,kgathererin,91,34,934,2018-07-07 05:45:00
673,2,379,aredbournio,13,61,100,2019-04-18 17:23:26
674,4,285,sharesnapeip,11,100,65,2018-11-21 14:20:48
675,1,90,tcharkeriq,94,90,519,2018-10-28 09:12:32
676,3,294,letheringtonir,44,68,682,2018-09-18 17:29:31
677,1,261,rcrookis,5,88,665,2019-05-15 22:21:37
678,1,580,cdekeyserit,75,80,915,2018-09-15 14:53:39
679,2,365,tskaceliu,31,49,602,2018-06-29 12:01:13
680,1,179,bpanchiniv,7,66,400,2018-11-24 23:39:02
681,2,895,ereamesiw,18,54,694,2018-09-25 12:35:50
682,2,852,bfeachamix,91,28,254,2018-07-01 00:25:24
683,3,399,bgrimoldbyiy,78,28,858,2018-10-15 08:16:04
684,4,92,inancekivelliz,78,21,202,2018-10-01 23:16:10
685,4,306,tanandj0,74,67,931,2018-06-13 12:55:33
686,2,184,gditterj1,40,76,564,2019-04-09 15:41:51
687,2,429,erikkardj2,8,54,352,2018-08-25 09:55:05
688,3,939,ichitterj3,3,65,442,2019-05-20 17:37:02
689,2,771,cnoenj4,45,49,312,2018-11-20 08:54:09
690,2,924,sousbyj5,68,5,660,2018-11-25 18:39:37
691,4,907,rduchatelj6,17,17,51,2018-08-10 12:28:11
692,1,606,orosettinij7,15,62,450,2019-04-09 15:03:29
693,4,221,ebattillj8,88,98,963,2018-12-06 05:51:23
694,1,984,cwormanj9,15,42,457,2018-06-02 23:49:51
695,3,506,kbaffinja,34,30,210,2018-07-20 15:13:28
696,1,46,tbenckjb,44,25,986,2018-08-20 16:19:50
697,2,883,cthorbyjc,58,48,298,2018-09-04 10:09:51
698,2,277,ascholejd,17,88,36,2019-03-13 00:49:11
699,2,212,epowtonje,37,87,131,2019-02-08 01:58:09
700,2,719,krichardetjf,57,17,890,2018-07-16 17:25:52
701,4,388,sgristockjg,77,63,348,2019-05-13 07:14:08
702,3,624,wrosettijh,77,80,899,2018-08-29 17:53:45
703,1,380,cdurnallji,30,16,395,2018-10-13 15:44:07
704,4,983,ahadlingtonjj,21,53,140,2018-10-04 15:30:58
705,2,893,ayetmanjk,82,51,137,2019-05-23 06:40:13
706,3,492,gcorbettjl,63,5,918,2019-01-10 17:15:07
707,4,648,lhailejm,67,67,132,2019-05-13 14:57:26
708,4,410,rdomelowjn,33,39,805,2018-09-06 10:54:07
709,4,921,dmckleodjo,55,28,329,2018-12-16 12:45:29
710,4,789,iwrenchjp,13,19,563,2018-06-30 17:52:09
711,3,975,dhazletonjq,95,23,468,2018-12-17 10:16:33
712,3,31,rmassejr,35,64,796,2018-11-22 20:47:02
713,1,642,gverchambrejs,93,93,944,2018-11-24 19:51:08
714,3,846,dmcinteerjt,17,67,167,2018-07-18 19:57:43
715,1,98,dfarensju,61,93,419,2019-02-21 06:48:24
716,4,930,tdeanejv,28,96,807,2018-08-08 08:55:24
717,2,348,kbarrettjw,2,22,832,2018-08-03 07:10:56
718,2,575,rcreswelljx,82,79,981,2018-09-14 20:41:42
719,4,498,krawlinsjy,5,74,935,2018-06-17 16:31:16
720,2,771,clawiejz,62,21,70,2018-12-14 13:09:55
721,4,906,tcrossgrovek0,63,96,921,2018-10-21 23:32:28
722,4,380,budenk1,69,67,655,2019-05-16 06:47:46
723,1,943,ateresek2,77,52,263,2018-06-04 18:43:48
724,3,108,sstannettk3,65,76,942,2018-06-13 18:09:55
725,2,268,faverayk4,72,60,515,2019-02-26 22:05:42
726,4,391,gwoodroofk5,97,42,942,2019-05-03 20:33:04
727,3,198,pnewlovek6,96,36,826,2019-02-16 19:13:12
728,1,675,cgarmansk7,49,15,272,2018-11-11 18:43:18
729,2,848,eroelofsenk8,83,9,455,2018-09-13 17:37:23
730,4,394,gtaffleyk9,47,21,455,2018-09-09 00:20:54
731,3,55,mlepoidevinka,59,36,303,2019-03-26 02:32:33
732,3,46,gwiddisonkb,48,30,193,2018-09-02 14:48:43
733,4,659,hcollobykc,51,22,491,2018-08-29 14:04:12
734,4,152,kvanrosskd,81,54,24,2018-08-28 01:42:49
735,2,174,jposseltke,53,56,696,2018-12-29 09:32:45
736,1,964,usalzbergerkf,90,64,560,2018-11-16 12:05:39
737,3,544,efauningkg,87,14,554,2019-05-24 16:48:18
738,1,872,wsidebottomkh,9,69,647,2019-01-29 00:22:20
739,2,583,bloudianeki,79,93,387,2019-03-02 10:16:54
740,3,224,sbussykj,23,41,14,2018-11-02 16:51:48
741,1,156,yswainskk,41,11,711,2018-08-09 03:01:52
742,2,785,ahadwinkl,49,72,380,2019-01-23 02:28:41
743,1,887,bderechterkm,26,40,756,2018-06-13 06:05:31
744,4,750,sjurekkn,34,84,685,2018-07-24 20:25:19
745,3,889,ndradeyko,35,94,249,2019-01-21 07:40:32
746,1,450,djoaokp,14,91,582,2019-03-02 07:44:43
747,3,564,ahenkenskq,70,26,943,2018-08-24 15:01:55
748,1,272,sbambridgekr,80,62,543,2019-03-16 11:47:44
749,4,460,zbyfordks,66,76,768,2019-05-03 13:09:35
750,4,998,cberdalekt,42,61,67,2018-07-23 01:57:03
751,2,839,jalliottku,49,98,705,2018-06-18 02:41:16
752,3,837,msiehardkv,36,24,608,2019-02-28 19:09:26
753,4,823,rellerkw,24,36,551,2018-06-04 16:04:22
754,4,409,boruddenkx,29,80,993,2018-08-06 22:36:00
755,3,448,bcollyky,12,37,885,2018-12-05 00:49:39
756,4,82,catleekz,46,87,709,2018-07-08 16:55:29
757,1,11,sguildl0,86,19,166,2019-01-22 18:11:00
758,3,281,mkiffinl1,43,50,140,2019-04-23 02:28:47
759,3,208,jimml2,15,1,334,2018-08-27 02:03:50
760,2,645,hseabrightl3,81,28,285,2019-02-04 06:08:33
761,3,194,dskulll4,41,48,704,2019-01-30 22:36:35
762,2,565,rzaplel5,71,98,860,2018-12-27 05:47:38
763,1,905,nconigsbyl6,20,16,443,2019-01-19 14:06:30
764,2,141,pstrakerl7,6,59,914,2019-04-06 20:05:53
765,2,200,aheasleyl8,35,10,249,2018-12-03 08:02:34
766,4,964,dtrewarthal9,63,93,940,2018-08-13 14:13:27
767,2,83,ltummondla,3,17,353,2019-03-29 15:27:26
768,1,577,stunbridgelb,61,28,5,2019-05-12 01:25:17
769,2,464,tpennocklc,52,12,33,2018-12-05 06:20:21
770,2,800,afearnyoughld,63,15,170,2018-07-29 07:26:06
771,4,529,ecahalanle,96,53,245,2019-01-30 14:12:59
772,1,92,dscapelhornlf,93,69,491,2018-10-15 08:46:29
773,2,764,jparadycelg,94,78,734,2018-11-17 10:35:01
774,2,589,cridouttlh,58,74,279,2018-12-20 12:25:37
775,2,266,echaffinli,79,49,5,2019-02-08 03:02:04
776,1,741,ldorinlj,100,1,98,2019-02-17 02:38:33
777,2,40,ttronilk,91,41,229,2019-02-06 06:11:26
778,3,636,cknibleyll,26,37,138,2018-09-16 18:29:24
779,1,669,strewinnardlm,43,8,119,2019-05-28 00:41:52
780,1,593,yvanoordln,37,29,325,2018-12-08 16:37:54
781,2,82,ldambrosiolo,79,6,26,2018-12-14 07:12:15
782,2,872,jpoolmanlp,85,33,494,2019-02-20 19:38:17
783,1,930,rcourtoislq,1,50,513,2018-12-05 13:00:01
784,1,303,mbysouthlr,99,46,721,2018-09-29 16:06:50
785,4,82,rlivzeyls,33,7,458,2019-01-15 06:18:24
786,4,73,egaynorlt,30,98,353,2018-09-24 11:09:34
787,2,827,emcgivenalu,91,82,233,2018-08-03 23:57:25
788,3,578,jpylkynytonlv,28,37,880,2018-06-10 00:18:33
789,3,545,enellerlw,5,63,844,2019-04-12 16:34:49
790,1,715,jdranfieldlx,13,81,635,2019-04-20 18:57:35
791,3,738,rstively,62,55,56,2018-10-30 16:37:50
792,3,384,wwescottlz,96,46,702,2019-01-01 11:18:47
793,3,131,fpaggittm0,93,5,220,2018-09-12 09:59:11
794,3,522,bmackillm1,4,59,706,2019-03-27 04:00:44
795,2,947,dmusprattm2,37,92,392,2019-03-22 07:04:48
796,3,340,elanpherem3,73,84,984,2018-10-05 22:05:19
797,1,835,mrogersm4,42,19,5,2019-04-23 01:43:22
798,4,803,sdaversm5,48,95,227,2018-09-05 13:16:59
799,1,878,cdartem6,29,5,309,2018-06-30 23:41:53
800,3,98,mbarwellm7,3,25,876,2019-04-22 11:16:33
801,3,60,ifardym8,78,80,310,2018-07-13 22:42:01
802,4,120,tcozensm9,41,10,347,2018-08-25 07:37:57
803,4,117,rmincima,94,34,745,2018-07-30 06:15:04
804,2,504,astarsmoremb,17,68,406,2018-10-13 19:07:03
805,2,88,cpuddefootmc,25,90,647,2018-12-02 06:04:00
806,4,784,yeickmd,86,87,882,2018-08-12 04:13:08
807,2,492,sgladerme,22,44,38,2019-01-30 11:14:02
808,4,746,tlapidusmf,96,46,387,2018-10-29 09:45:06
809,1,243,bfilewoodmg,86,4,121,2018-06-27 10:48:32
810,4,462,rvelamh,96,32,366,2018-08-28 13:42:13
811,2,862,giversonmi,2,17,830,2019-05-26 09:47:18
812,1,197,kliverseegemj,89,10,772,2018-08-14 03:37:07
813,2,645,dbuckettmk,65,51,371,2019-05-10 05:10:31
814,3,965,cfarriesml,2,25,341,2018-07-14 13:18:37
815,1,586,abrocksmm,41,31,945,2018-07-08 19:06:06
816,3,123,hwherrettmn,87,91,946,2019-03-21 10:35:06
817,2,157,hmcbeithmo,7,43,818,2018-11-07 02:45:26
818,2,320,darnattmp,22,1,59,2018-09-11 19:38:35
819,3,627,ibeddallmq,94,40,276,2018-08-29 21:33:49
820,2,574,orablinmr,90,74,116,2019-04-22 03:07:28
821,1,29,sspellecyms,68,88,603,2019-04-03 20:46:29
822,2,592,kszretermt,44,79,824,2018-06-07 07:32:27
823,4,259,hlongforthmu,10,68,369,2018-08-15 06:24:50
824,3,377,bdacresmv,6,95,386,2018-10-30 01:27:29
825,2,646,esellersmw,94,11,533,2018-07-07 11:17:21
826,4,806,fbuttersmx,71,61,548,2019-02-09 06:16:56
827,4,697,bbrachmy,82,89,44,2018-09-02 14:24:38
828,1,306,csavellmz,26,64,882,2018-10-09 13:03:35
829,4,63,nradolfn0,33,47,451,2019-02-08 18:20:58
830,3,427,kjollandn1,39,45,16,2019-04-01 10:10:01
831,1,411,ckettlesonn2,38,94,269,2018-10-27 11:18:08
832,4,927,sbunyann3,57,79,737,2018-06-19 19:02:03
833,2,69,gbothwelln4,61,67,532,2019-01-26 15:10:30
834,2,247,smabbottn5,52,35,199,2018-07-21 17:27:46
835,1,137,reldrittn6,90,24,980,2018-07-16 18:31:12
836,4,613,ralfonsettin7,81,50,480,2018-08-07 00:03:58
837,4,987,gansilln8,41,36,246,2018-08-11 20:01:52
838,3,112,ttalbyn9,79,24,371,2019-02-17 09:59:16
839,4,803,nriellyna,89,49,821,2018-12-10 17:00:18
840,2,639,lmeerenb,86,99,426,2019-05-18 03:25:01
841,4,384,adiantonionc,51,99,94,2018-08-19 07:12:44
842,3,51,ffranceschind,49,80,4,2018-07-21 14:16:11
843,4,414,adabornene,21,66,268,2018-07-26 00:29:49
844,2,318,mspencooknf,36,21,784,2018-07-22 12:48:41
845,1,345,gquiddintonng,3,96,398,2019-03-07 05:58:53
846,1,472,mgommenh,90,75,632,2018-06-08 20:56:31
847,4,660,klavertyni,50,18,785,2018-11-08 10:42:06
848,1,51,bzorzettinj,60,85,200,2018-07-13 20:05:06
849,4,822,otidmarshnk,60,98,239,2019-03-20 14:40:38
850,4,83,aaddicottnl,74,59,168,2018-11-06 08:18:27
851,4,569,brollernm,13,83,903,2018-12-29 09:35:52
852,4,911,bkimbroughnn,63,47,316,2018-08-28 18:49:57
853,2,651,bbofieldno,62,59,145,2019-04-30 00:54:47
854,2,564,wgirardeynp,46,22,617,2018-11-05 00:39:11
855,4,407,tdoudneynq,41,70,872,2018-08-08 16:30:53
856,2,347,shephernr,79,58,778,2018-07-20 02:50:10
857,4,864,dpiggfordns,41,8,508,2018-12-29 23:57:12
858,4,333,dmabeynt,70,43,624,2019-04-14 23:49:35
859,4,510,cgreenhillnu,80,69,879,2019-05-20 05:26:41
860,4,855,gbrobynnv,98,57,173,2018-12-06 09:42:12
861,1,132,athreddernw,77,23,976,2018-11-17 02:55:16
862,4,411,brytonnx,55,16,402,2018-12-20 22:12:20
863,2,60,ltummasuttiny,32,50,699,2018-07-10 14:47:12
864,1,158,dcrossmannz,40,88,236,2019-01-01 14:55:12
865,1,851,cstanelando0,17,34,163,2019-05-27 18:57:02
866,2,519,jquilliamo1,80,66,903,2019-01-09 20:10:35
867,3,536,mturfuso2,36,31,14,2018-11-29 11:47:40
868,1,71,lpaladinoo3,23,98,113,2018-10-07 00:29:25
869,4,972,fjuliffo4,39,71,306,2019-05-21 19:14:22
870,1,942,tbartkowiako5,13,39,437,2019-03-31 11:48:30
871,1,503,cmcdermotto6,69,78,430,2018-08-17 07:15:02
872,3,638,aceilliero7,93,68,258,2019-04-21 10:12:02
873,1,552,sgroomo8,81,38,161,2019-03-03 20:37:42
874,3,455,sstruttono9,43,51,108,2019-01-27 06:18:55
875,4,955,ksabattieroa,40,72,427,2018-06-04 00:49:07
876,2,358,grushburyob,76,25,546,2019-06-01 09:47:34
877,4,813,sleedesoc,13,16,534,2018-11-26 05:20:06
878,4,859,aundyod,50,6,161,2019-05-23 20:25:45
879,3,407,hmcnirlanoe,15,81,116,2019-02-24 16:16:06
880,3,40,jstandallof,9,43,627,2018-09-21 22:13:52
881,4,186,dmcfallog,33,53,692,2018-12-31 04:53:36
882,3,436,dkrogeroh,10,43,476,2019-05-21 04:49:50
883,2,529,frozoi,73,18,174,2018-09-26 06:25:00
884,1,651,pudalloj,50,23,12,2018-08-04 15:31:55
885,4,687,jcastagnaok,60,18,417,2019-05-14 21:35:56
886,4,73,akuhnertol,83,69,131,2018-09-09 02:43:50
887,2,679,mhogsdenom,56,61,537,2019-01-31 16:02:42
888,2,963,nscotchmeron,29,75,400,2018-07-22 03:13:29
889,1,456,mphythienoo,96,91,182,2019-03-19 18:23:05
890,4,727,dmariolleop,8,92,695,2019-01-25 00:31:54
891,4,946,sshuardoq,80,84,700,2018-08-22 05:23:17
892,1,105,ebrunningor,37,88,178,2019-04-01 15:40:06
893,3,259,kfontaineos,65,84,273,2018-06-15 09:13:20
894,1,226,cphillinsot,30,70,695,2018-09-12 15:54:37
895,3,501,aarchboldou,58,3,611,2019-03-15 11:19:57
896,1,951,ehawleyov,77,26,262,2018-08-30 02:37:27
897,1,447,pcaldeyrouxow,38,50,131,2018-09-26 08:58:33
898,1,265,cantoniazziox,10,10,752,2018-08-21 21:51:42
899,2,11,cwhitebrookoy,27,57,34,2018-11-13 14:30:35
900,1,682,egligorijevicoz,29,58,620,2019-03-06 20:43:11
901,2,765,mdunnawayp0,64,76,915,2019-03-01 12:35:58
902,2,392,harminp1,83,25,324,2019-05-13 22:25:37
903,4,20,jcockmanp2,27,86,734,2018-12-08 04:20:38
904,4,922,ostrodderp3,9,56,150,2018-12-24 07:03:25
905,2,436,dhemphreyp4,25,27,748,2019-04-06 21:58:54
906,2,108,epetop5,89,15,722,2018-07-29 16:57:38
907,2,908,jfredianip6,98,39,473,2018-11-29 16:20:39
908,3,254,dcallarp7,45,31,695,2018-10-05 00:13:55
909,2,290,jmenendezp8,50,34,663,2018-09-18 23:20:35
910,3,925,sclemmettp9,61,12,273,2018-06-26 18:25:03
911,4,363,bbricklebankpa,70,88,983,2018-08-27 01:06:22
912,2,816,ebilsborrowpb,34,39,278,2018-12-25 07:58:41
913,2,417,ctomkisspc,68,54,357,2018-07-26 09:06:55
914,2,934,cdewdenypd,6,62,219,2018-07-25 05:19:01
915,2,142,lratkepe,27,10,196,2018-09-16 19:30:41
916,1,559,rvidgenpf,65,35,258,2019-05-18 19:41:15
917,4,372,tpoelpg,29,36,881,2018-09-24 21:17:23
918,1,639,tarkwrightph,43,15,269,2018-10-29 18:55:41
919,1,770,psparwaypi,89,8,92,2019-01-18 22:54:11
920,4,517,ddelatremoillepj,31,32,72,2018-06-12 03:14:56
921,4,734,oknightlypk,57,66,990,2018-09-13 19:11:41
922,3,581,deasemanpl,42,41,190,2018-06-26 14:14:04
923,3,481,jbuchepm,16,64,544,2019-01-17 19:50:48
924,1,100,cwhathampn,51,28,9,2018-07-21 03:09:22
925,4,437,cbruckmanpo,24,49,531,2019-01-25 18:40:40
926,1,213,pblaespp,75,2,286,2019-02-05 11:39:24
927,3,342,cpettipherpq,71,67,407,2018-06-27 16:51:42
928,2,89,sorthpr,79,49,823,2018-06-11 06:30:07
929,1,877,pstainsonps,45,45,604,2019-05-26 06:08:59
930,2,296,iharmpt,5,74,569,2018-06-28 05:02:18
931,3,885,kgerranspu,13,40,322,2018-09-30 23:04:45
932,1,15,nchiplinpv,78,28,180,2018-10-29 20:58:38
933,1,124,wgrotepw,15,12,908,2018-12-13 20:17:47
934,2,850,hconsterdinepx,20,43,567,2018-11-26 12:50:38
935,3,57,jcanterapy,54,73,748,2019-05-27 19:02:05
936,2,99,ntweedliepz,53,5,163,2018-07-01 07:16:46
937,2,78,lstichelq0,58,73,804,2019-02-02 03:25:17
938,2,531,bmertgenq1,34,77,602,2018-09-23 15:55:21
939,3,913,rbenningq2,68,79,982,2018-11-30 19:28:25
940,4,176,llinnerq3,25,55,214,2019-02-26 13:53:24
941,3,731,naguirrezabalaq4,72,41,446,2019-02-03 20:48:07
942,2,444,emcimmieq5,69,27,367,2019-01-01 21:24:08
943,4,430,tmucilloq6,14,62,88,2018-10-24 23:26:58
944,2,552,bbattesonq7,30,15,728,2018-07-17 12:51:44
945,3,560,trolinq8,63,27,841,2019-05-16 03:05:58
946,2,521,bswanborrowq9,93,57,404,2019-06-01 07:08:32
947,1,256,amauvinqa,57,48,95,2018-10-10 18:17:04
948,4,859,gpavlenkoqb,9,38,398,2018-07-14 01:02:33
949,4,226,bcapiniqc,34,54,683,2019-02-14 17:39:20
950,1,752,jbuyersqd,71,18,866,2019-01-18 22:26:55
951,2,118,jsummersettqe,38,34,631,2018-10-15 10:04:50
952,2,405,naspinellqf,1,58,755,2018-07-20 14:20:41
953,3,721,rbuckthorpeqg,14,24,996,2019-03-11 13:38:29
954,3,742,amcilhattonqh,57,52,1000,2018-12-04 10:12:34
955,1,86,fvanderveldeqi,9,61,861,2018-08-10 09:14:33
956,4,349,emacclintonqj,32,90,134,2018-07-16 06:13:24
957,2,320,abragancaqk,48,32,972,2019-05-14 18:34:29
958,3,178,fbodleighql,22,60,691,2019-03-05 03:21:10
959,1,796,jbilbrookeqm,80,47,316,2018-07-10 08:27:08
960,2,391,sforsaithqn,94,8,610,2018-12-05 16:25:59
961,2,393,mpadmoreqo,19,49,516,2019-03-08 09:57:42
962,1,867,okaufmanqp,80,32,316,2018-06-17 07:45:26
963,1,137,mpietznerqq,43,46,194,2018-12-03 11:54:48
964,1,542,hegleqr,79,15,13,2018-11-01 13:46:07
965,3,853,clinceqs,23,24,660,2018-12-31 14:59:31
966,3,699,ksampsonqt,14,10,715,2019-05-16 07:06:32
967,4,961,lgomeryqu,37,65,558,2018-09-16 19:39:29
968,2,333,fwilmanqv,27,32,456,2019-05-15 10:17:51
969,1,402,wmuddleqw,29,1,64,2018-07-09 02:19:41
970,3,85,bpezeyqx,65,45,307,2019-04-05 22:00:03
971,2,969,zemmattqy,98,15,505,2018-07-10 08:29:02
972,2,927,estienhamqz,65,57,412,2018-06-03 21:47:04
973,2,152,abartoccir0,85,50,881,2018-09-14 17:59:20
974,3,79,wbenetr1,48,97,359,2018-11-08 00:05:04
975,3,112,bbrackleyr2,42,98,319,2019-03-20 13:37:00
976,3,152,kpervoer3,88,49,935,2019-02-12 09:25:13
977,1,187,vminghettir4,17,96,681,2018-12-04 15:55:08
978,4,138,ecoenraetsr5,39,40,508,2018-07-02 08:43:05
979,4,769,lfoxcroftr6,9,27,419,2019-04-19 01:27:24
980,3,939,chowsamr7,34,80,471,2018-12-31 12:44:24
981,4,570,sashburnerr8,38,69,449,2019-01-22 01:39:02
982,2,423,mgeaner9,38,47,546,2018-10-20 15:25:59
983,3,426,ldibaudira,40,96,455,2018-10-05 02:55:01
984,2,114,nrankinrb,90,14,234,2018-09-04 00:06:57
985,1,736,edecheletterc,7,83,604,2018-07-02 17:31:57
986,3,683,dsapsedrd,70,72,672,2018-08-14 13:28:23
987,2,264,gfoyre,66,42,29,2018-10-14 16:06:04
988,3,804,mgianillirf,80,72,248,2019-03-22 04:54:58
989,4,324,kgatelandrg,65,38,594,2018-10-04 23:01:05
990,4,749,ckinderh,28,50,563,2019-01-27 21:14:45
991,4,356,nhoftonri,84,8,598,2019-03-24 06:11:37
992,2,908,jbohdenrj,17,18,586,2019-05-18 01:34:29
993,2,824,wruppelinrk,75,14,816,2018-08-26 06:23:45
994,4,548,kshwalberl,86,6,870,2019-03-21 08:47:53
995,1,692,nasquezrm,21,45,865,2019-01-13 09:52:50
996,4,636,mdivverrn,36,61,299,2018-08-24 13:30:52
997,2,8,adrucero,61,64,44,2019-01-24 05:30:48
998,4,583,rzavittierirp,15,76,725,2018-08-07 02:25:26
999,2,524,klackemannrq,10,66,48,2018-07-23 02:24:18
1000,3,740,sordishrr,40,47,638,2019-01-05 08:58:34
